"","treename","pred_pcr","pred_comp","PCR","competence","type","studies","cat"
"1","Abrawayaomys_chebezi",0.144416846970248,0.116322250346548,0,0,"other",0,"unsampled"
"2","Abrawayaomys_ruschii",0.144416846970248,0.116322250346548,0,0,"other",0,"unsampled"
"3","Abrothrix_andinus",0.342209159603027,0.113500102645612,0,0,"other",0,"unsampled"
"4","Abrothrix_hershkovitzi",0.135302096221057,0.131791408575727,0,0,"other",0,"unsampled"
"5","Abrothrix_illuteus",0.119593381026596,0.106536394436271,0,0,"other",0,"unsampled"
"6","Abrothrix_jelskii",0.262216278421031,0.118669023983351,0,0,"other",0,"unsampled"
"7","Abrothrix_lanosus",0.137495074768203,0.138417784723013,0,0,"other",0,"unsampled"
"8","Abrothrix_longipilis",0.629943804108809,0.146949746506553,1,0,"other",6,"positive"
"9","Abrothrix_manni",0.261981884031289,0.160618423386389,0,0,"other",0,"unsampled"
"10","Abrothrix_markhami",0.131757575146933,0.138009652538637,0,0,"other",0,"unsampled"
"11","Abrothrix_olivaceus",0.531423117581682,0.369749707038249,0,0,"true negative",5,"negative"
"12","Abrothrix_sanborni",0.261981884031289,0.160618423386389,0,0,"other",0,"unsampled"
"13","Aegialomys_galapagoensis",0.155311928677702,0.0973901114693492,0,0,"other",0,"unsampled"
"14","Aegialomys_xanthaeolus",0.188157649939194,0.0983707699690656,0,0,"other",0,"unsampled"
"15","Aepeomys_lugens",0.211786073202684,0.113868741880508,0,0,"other",0,"unsampled"
"16","Aepeomys_reigi",0.346445897293016,0.0931789868927446,0,0,"other",0,"unsampled"
"17","Akodon_aerosus",0.178738161094883,0.127968912019733,0,0,"other",0,"unsampled"
"18","Akodon_affinis",0.359288157731143,0.136932916592639,0,0,"other",0,"unsampled"
"19","Akodon_albiventer",0.257347087655577,0.111726922003604,0,0,"other",0,"unsampled"
"20","Akodon_aliquantulus",0.312101779813293,0.0929818526176076,0,0,"other",0,"unsampled"
"21","Akodon_azarae",0.767311448990544,0.162960710992239,1,0,"other",6,"positive"
"22","Akodon_bogotensis",0.241447992027411,0.127857173089177,0,0,"other",0,"unsampled"
"23","Akodon_boliviensis",0.434607832641973,0.229745094613611,0,0,"other",0,"unsampled"
"24","Akodon_budini",0.148393606445182,0.115589300068037,0,0,"other",0,"unsampled"
"25","Akodon_cursor",0.729129798840346,0.158398451903664,1,0,"other",1,"positive"
"26","Akodon_dayi",0.222215010266435,0.135887538718604,0,0,"other",0,"unsampled"
"27","Akodon_dolores",0.169679300061975,0.11468120288984,0,0,"other",0,"unsampled"
"28","Akodon_fumeus",0.236845899743338,0.130590484983658,0,0,"other",0,"unsampled"
"29","Akodon_iniscatus",0.245154873453795,0.119897535273642,0,0,"other",0,"unsampled"
"30","Akodon_josemariarguedasi",0.144567444492503,0.116589347860683,0,0,"other",0,"unsampled"
"31","Akodon_juninensis",0.175397732116637,0.129902452326265,0,0,"other",0,"unsampled"
"32","Akodon_kofordi",0.158654002209538,0.131544690378103,0,0,"other",0,"unsampled"
"33","Akodon_latebricola",0.18553832109436,0.106905032196922,0,0,"other",0,"unsampled"
"34","Akodon_leucolimnaeus",0.40046718470288,0.10741960564054,0,0,"other",0,"unsampled"
"35","Akodon_lindberghi",0.180635600528499,0.125638841865841,0,0,"other",0,"unsampled"
"36","Akodon_lutescens",0.207986154056548,0.128973570560207,0,0,"other",0,"unsampled"
"37","Akodon_mimus",0.193195254789535,0.117776890332947,0,0,"other",0,"unsampled"
"38","Akodon_molinae",0.19429396973473,0.114809946112784,0,0,"other",0,"unsampled"
"39","Akodon_mollis",0.307692840557759,0.127894758030945,0,0,"other",0,"unsampled"
"40","Akodon_montensis",0.521165677224728,0.10471506202804,1,0,"other",3,"positive"
"41","Akodon_mystax",0.433938209579656,0.106791940356048,0,0,"other",0,"unsampled"
"42","Akodon_neocenus",0.153048383700727,0.115083827544523,0,0,"other",0,"unsampled"
"43","Akodon_oenos",0.316671283304406,0.0937863637898368,0,0,"other",0,"unsampled"
"44","Akodon_orophilus",0.191142201033762,0.134664215892331,0,0,"other",0,"unsampled"
"45","Akodon_paranaensis",0.441107748212989,0.106592861957127,0,0,"true negative",1,"negative"
"46","Akodon_pervalens",0.410688535657176,0.107357227279322,0,0,"other",0,"unsampled"
"47","Akodon_philipmyersi",0.180635600528499,0.125638841865841,0,0,"other",0,"unsampled"
"48","Akodon_polopi",0.171047433222994,0.122834584964724,0,0,"other",0,"unsampled"
"49","Akodon_reigi",0.37074201348037,0.107457759192606,0,0,"other",0,"unsampled"
"50","Akodon_sanctipaulensis",0.196319472670951,0.108424271349497,0,0,"other",0,"unsampled"
"51","Akodon_serrensis",0.19408924871808,0.109607018597344,0,0,"true negative",1,"negative"
"52","Akodon_siberiae",0.182420434706353,0.125896164000476,0,0,"other",0,"unsampled"
"53","Akodon_simulator",0.15593452907435,0.115203735202205,0,0,"other",0,"unsampled"
"54","Akodon_spegazzinii",0.170204507974135,0.117932761688677,0,0,"other",0,"unsampled"
"55","Akodon_subfuscus",0.219079627899618,0.132439267275317,0,0,"other",0,"unsampled"
"56","Akodon_surdus",0.137610417016726,0.112606594979344,0,0,"other",0,"unsampled"
"57","Akodon_sylvanus",0.171047433222994,0.122834584964724,0,0,"other",0,"unsampled"
"58","Akodon_toba",0.185640130283089,0.134286526932667,0,0,"true negative",1,"negative"
"59","Akodon_torques",0.15995287402306,0.129949309507354,0,0,"other",0,"unsampled"
"60","Akodon_varius",0.212074799301107,0.130318870176393,0,0,"true negative",2,"negative"
"61","Amphinectomys_savamis",0.351628186905551,0.0931290435963879,0,0,"other",0,"unsampled"
"62","Andalgalomys_olrogi",0.142505750727985,0.103225266271038,0,0,"other",0,"unsampled"
"63","Andalgalomys_pearsoni",0.159091457891778,0.120245626740454,0,0,"other",0,"unsampled"
"64","Andinomys_edax",0.145575892307063,0.100512231987709,0,0,"other",0,"unsampled"
"65","Anotomys_leander",0.156070833865123,0.105791098822247,0,0,"other",0,"unsampled"
"66","Arborimus_albipes",0.146325460071561,0.0932137174703382,0,0,"other",0,"unsampled"
"67","Arborimus_longicaudus",0.183241295517152,0.0997607523056225,0,0,"other",0,"unsampled"
"68","Arborimus_pomo",0.161156840821061,0.0948209032790594,0,0,"other",0,"unsampled"
"69","Auliscomys_boliviensis",0.194896986226381,0.105440153264709,0,0,"other",0,"unsampled"
"70","Auliscomys_pictus",0.152606081643998,0.118329606745171,0,0,"other",0,"unsampled"
"71","Auliscomys_sublimis",0.200567902371118,0.106069489219663,0,0,"other",0,"unsampled"
"72","Baiomys_musculus",0.440151957298643,0.117338998395631,0,0,"true negative",4,"negative"
"73","Baiomys_taylori",0.594550083676634,0.097310195705744,0,0,"true negative",3,"negative"
"74","Bibimys_chacoensis",0.173316706996916,0.119387855972941,0,0,"other",0,"unsampled"
"75","Bibimys_labiosus",0.200490363053751,0.114224175357903,0,0,"other",0,"unsampled"
"76","Bibimys_torresi",0.226626809972676,0.112808907373926,0,0,"other",0,"unsampled"
"77","Blarinomys_breviceps",0.270693218318154,0.127449525208047,0,0,"other",0,"unsampled"
"78","Brucepattersonius_albinasus",0.352483721415787,0.100445731860243,0,0,"other",0,"unsampled"
"79","Brucepattersonius_griserufescens",0.404090647675944,0.106961097136458,0,0,"other",0,"unsampled"
"80","Brucepattersonius_guarani",0.321848424512789,0.0987033175832547,0,0,"other",0,"unsampled"
"81","Brucepattersonius_igniventris",0.391266586688705,0.107101123175251,0,0,"other",0,"unsampled"
"82","Brucepattersonius_iheringi",0.24158616340788,0.123816947921423,0,0,"other",0,"unsampled"
"83","Brucepattersonius_misionensis",0.321848424512789,0.0987033175832547,0,0,"other",0,"unsampled"
"84","Brucepattersonius_paradisus",0.384531917368006,0.10745292724013,0,0,"other",0,"unsampled"
"85","Brucepattersonius_soricinus",0.428312287141777,0.107017788665837,0,0,"other",0,"unsampled"
"86","Calassomys_apicalis",0.171712352186181,0.116519243417048,0,0,"other",0,"unsampled"
"87","Calomys_boliviae",0.184787555357225,0.114135614144284,0,0,"other",0,"unsampled"
"88","Calomys_callidus",0.434524260326784,0.113280432353159,1,0,"other",2,"positive"
"89","Calomys_callosus",0.713397030828601,0.215733690287064,0,0,"true negative",2,"negative"
"90","Calomys_cerqueirai",0.426778649922802,0.103732633376793,0,0,"other",0,"unsampled"
"91","Calomys_expulsus",0.409993920124463,0.100814164921484,0,0,"true negative",1,"negative"
"92","Calomys_fecundus",0.195353951377452,0.123477890821464,0,0,"other",0,"unsampled"
"93","Calomys_hummelincki",0.304884209429415,0.137103977966898,0,0,"other",0,"unsampled"
"94","Calomys_laucha",0.715732466201453,0.43605426063654,1,1,"other",3,"positive"
"95","Calomys_lepidus",0.289120131929064,0.131088731415045,0,0,"other",0,"unsampled"
"96","Calomys_musculinus",0.505063961670808,0.241871732713529,0,0,"other",0,"unsampled"
"97","Calomys_sorellus",0.209798010230567,0.12832933749682,0,0,"other",0,"unsampled"
"98","Calomys_tener",0.648980881870393,0.137502701229134,1,0,"other",5,"positive"
"99","Calomys_tocantinsi",0.441539172799622,0.112617019452815,0,0,"other",0,"unsampled"
"100","Calomys_venustus",0.406295431220338,0.113219809881848,0,0,"other",0,"unsampled"
"101","Cerradomys_akroai",0.289661002215112,0.0920677278781646,0,0,"other",0,"unsampled"
"102","Cerradomys_goytaca",0.361547488530961,0.167421098749251,0,0,"other",0,"unsampled"
"103","Cerradomys_langguthi",0.346533455460317,0.159901722908431,0,0,"other",0,"unsampled"
"104","Cerradomys_maracajuensis",0.278684304585454,0.0887999634873202,0,0,"true negative",1,"negative"
"105","Cerradomys_marinhus",0.278684304585454,0.0887999634873202,0,0,"true negative",1,"negative"
"106","Cerradomys_scotti",0.289661002215112,0.0920677278781646,0,0,"true negative",1,"negative"
"107","Cerradomys_subflavus",0.395972088205904,0.167421098749251,0,0,"true negative",1,"negative"
"108","Cerradomys_vivoi",0.395972088205904,0.167421098749251,0,0,"other",0,"unsampled"
"109","Chelemys_delfini",0.317795107964973,0.0991299796765074,0,0,"other",0,"unsampled"
"110","Chelemys_macronyx",0.405284961633319,0.140853657806767,0,0,"other",0,"unsampled"
"111","Chelemys_megalonyx",0.216510658775064,0.108408350226184,0,0,"other",0,"unsampled"
"112","Chibchanomys_orcesi",0.340546680664537,0.100187688756646,0,0,"other",0,"unsampled"
"113","Chibchanomys_trichotis",0.191234959721929,0.121376900011589,0,0,"other",0,"unsampled"
"114","Chilomys_instans",0.313475201055517,0.132869668580763,0,0,"other",0,"unsampled"
"115","Chinchillula_sahamae",0.130597511922814,0.116059663538996,0,0,"other",0,"unsampled"
"116","Delomys_altimontanus",0.260835061148844,0.109717062755795,0,0,"other",0,"unsampled"
"117","Delomys_collinus",0.366805296847532,0.0996470802416532,0,0,"other",0,"unsampled"
"118","Delomys_dorsalis",0.272761020346812,0.117911952763297,0,0,"other",0,"unsampled"
"119","Delomys_sublineatus",0.251990669922124,0.111822037812706,0,0,"other",0,"unsampled"
"120","Deltamys_kempi",0.207720869076531,0.116309857138192,0,0,"true negative",1,"negative"
"121","Dicrostonyx_groenlandicus",0.113022347526293,0.150620923508298,0,0,"other",0,"unsampled"
"122","Dicrostonyx_hudsonius",0.100731396083894,0.120271637318501,0,0,"other",0,"unsampled"
"123","Dicrostonyx_nelsoni",0.121275262989967,0.0865975438881182,0,0,"other",0,"unsampled"
"124","Dicrostonyx_nunatakensis",0.108430247315611,0.10016296873968,0,0,"other",0,"unsampled"
"125","Dicrostonyx_richardsoni",0.13994429723305,0.123979741733166,0,0,"other",0,"unsampled"
"126","Dicrostonyx_unalascensis",0.102373910442534,0.096539296957174,0,0,"other",0,"unsampled"
"127","Drymoreomys_albimaculatus",0.148152541451095,0.112368303731347,0,0,"other",0,"unsampled"
"128","Eligmodontia_bolsonensis",0.465911590973378,0.205358398990492,0,0,"other",0,"unsampled"
"129","Eligmodontia_dunaris",0.162532336987453,0.0987469330718295,0,0,"other",0,"unsampled"
"130","Eligmodontia_hirtipes",0.172050518909061,0.105319323388054,0,0,"other",0,"unsampled"
"131","Eligmodontia_moreni",0.149453691690427,0.119233889610808,0,0,"other",0,"unsampled"
"132","Eligmodontia_morgani",0.227324883702573,0.112510488167767,0,0,"true negative",1,"negative"
"133","Eligmodontia_puerulus",0.181969833972352,0.11384220928749,0,0,"other",0,"unsampled"
"134","Eligmodontia_typus",0.465911590973378,0.205358398990492,0,0,"true negative",1,"negative"
"135","Eremoryzomys_polius",0.148152541451095,0.112368303731347,0,0,"other",0,"unsampled"
"136","Euneomys_chinchilloides",0.162282206213569,0.135211420344639,0,0,"other",0,"unsampled"
"137","Euneomys_fossor",0.309460772280715,0.10006738105846,0,0,"other",0,"unsampled"
"138","Euneomys_mordax",0.177334540438321,0.103449512351125,0,0,"other",0,"unsampled"
"139","Euneomys_petersoni",0.107594907691578,0.128020058471844,0,0,"other",0,"unsampled"
"140","Euryoryzomys_emmonsae",0.282616687127663,0.0897880077038758,0,0,"other",0,"unsampled"
"141","Euryoryzomys_lamia",0.181985038037207,0.110539179455141,0,0,"other",0,"unsampled"
"142","Euryoryzomys_legatus",0.14975922790325,0.108436667832019,0,0,"other",0,"unsampled"
"143","Euryoryzomys_macconnelli",0.239127400767122,0.158693227036152,0,0,"other",0,"unsampled"
"144","Euryoryzomys_nitidus",0.251146024973714,0.154462770318833,0,0,"other",0,"unsampled"
"145","Euryoryzomys_russatus",0.263414137915963,0.110771942936523,0,0,"other",0,"unsampled"
"146","Galenomys_garleppi",0.119516418877087,0.100910021001112,0,0,"other",0,"unsampled"
"147","Geoxus_valdivianus",0.239812256622583,0.130888416750487,0,0,"other",0,"unsampled"
"148","Graomys_centralis",0.328825817815684,0.101255142190968,0,0,"other",0,"unsampled"
"149","Graomys_domorum",0.153718786042061,0.101488435255519,0,0,"other",0,"unsampled"
"150","Graomys_edithae",0.129281440040973,0.112301096066392,0,0,"other",0,"unsampled"
"151","Graomys_griseoflavus",0.367137876715665,0.215986576118399,0,0,"other",0,"unsampled"
"152","Habromys_chinanteco",0.176924193757419,0.123506421673228,0,0,"other",0,"unsampled"
"153","Habromys_delicatulus",0.345539467275455,0.106893659272631,0,0,"other",0,"unsampled"
"154","Habromys_ixtlani",0.389137370462046,0.107302953916396,0,0,"other",0,"unsampled"
"155","Habromys_lepturus",0.369799782013615,0.10600446913425,0,0,"true negative",2,"negative"
"156","Habromys_lophurus",0.228569106984474,0.1232986600258,0,0,"other",0,"unsampled"
"157","Habromys_schmidlyi",0.205868852087908,0.11989991336721,0,0,"other",0,"unsampled"
"158","Habromys_simulatus",0.192598176152772,0.111041080887552,0,0,"other",0,"unsampled"
"159","Handleyomys_alfaroi",0.299894715385795,0.111451021645972,0,0,"true negative",2,"negative"
"160","Handleyomys_chapmani",0.216413200886505,0.104811707462461,0,0,"other",0,"unsampled"
"161","Handleyomys_fuscatus",0.202856211390792,0.122428118970213,0,0,"other",0,"unsampled"
"162","Handleyomys_guerrerensis",0.206283402625692,0.100817724468468,0,0,"other",0,"unsampled"
"163","Handleyomys_intectus",0.167444897450017,0.109473348226222,0,0,"other",0,"unsampled"
"164","Handleyomys_melanotis",0.241674250371051,0.0995165677402916,0,0,"true negative",1,"negative"
"165","Handleyomys_rhabdops",0.214171072720553,0.105363069694885,0,0,"other",0,"unsampled"
"166","Handleyomys_rostratus",0.218347871406916,0.10589637658332,0,0,"other",0,"unsampled"
"167","Handleyomys_saturatior",0.222244803694105,0.108671139955906,0,0,"other",0,"unsampled"
"168","Hodomys_alleni",0.199413139291077,0.101511053370879,0,0,"true negative",2,"negative"
"169","Holochilus_brasiliensis",0.633643613646465,0.151922926614434,0,0,"true negative",3,"negative"
"170","Holochilus_chacarius",0.224206487135253,0.127587987077903,0,0,"true negative",1,"negative"
"171","Holochilus_lagigliai",0.633643613646465,0.151922926614434,0,0,"other",0,"unsampled"
"172","Holochilus_sciureus",0.701565106236099,0.362428034752525,1,0,"other",2,"positive"
"173","Hylaeamys_acritus",0.287303167208957,0.0908315282852852,0,0,"other",0,"unsampled"
"174","Hylaeamys_laticeps",0.215890242440548,0.112022208309815,0,0,"other",0,"unsampled"
"175","Hylaeamys_megacephalus",0.335768279381579,0.0854672847729074,0,0,"true negative",4,"negative"
"176","Hylaeamys_oniscus",0.179763795006379,0.167111607119807,0,0,"other",0,"unsampled"
"177","Hylaeamys_perenensis",0.280174141151814,0.0889977700824865,0,0,"other",0,"unsampled"
"178","Hylaeamys_tatei",0.307349062973765,0.0956020856518179,0,0,"other",0,"unsampled"
"179","Hylaeamys_yunganus",0.193372250497302,0.178757446388536,0,0,"true negative",2,"negative"
"180","Ichthyomys_hydrobates",0.254393836498781,0.122147191522351,0,0,"other",0,"unsampled"
"181","Ichthyomys_pittieri",0.23852821068861,0.124163388874956,0,0,"other",0,"unsampled"
"182","Ichthyomys_stolzmanni",0.220531323785338,0.104521151669714,0,0,"other",0,"unsampled"
"183","Ichthyomys_tweedii",0.200198043677021,0.118014298506047,0,0,"other",0,"unsampled"
"184","Irenomys_tarsalis",0.222312620229734,0.146019305180719,0,0,"true negative",1,"negative"
"185","Isthmomys_flavidus",0.183241727696532,0.117849032812391,0,0,"other",0,"unsampled"
"186","Isthmomys_pirrensis",0.128835411805124,0.11810295697254,0,0,"other",0,"unsampled"
"187","Juliomys_ossitenuis",0.228779977134326,0.110375499290459,0,0,"other",0,"unsampled"
"188","Juliomys_pictipes",0.23180874032959,0.111485933851315,0,0,"other",0,"unsampled"
"189","Juliomys_rimofrons",0.340183047894424,0.0934002972608795,0,0,"other",0,"unsampled"
"190","Juscelinomys_candango",0.235137098074156,0.105243444985278,0,0,"other",0,"unsampled"
"191","Juscelinomys_guaporensis",0.34157932700995,0.100671230910063,0,0,"other",0,"unsampled"
"192","Juscelinomys_huanchacae",0.341651530262345,0.100640937036827,0,0,"other",0,"unsampled"
"193","Kunsia_fronto",0.167314706565481,0.11130049784613,0,0,"other",0,"unsampled"
"194","Kunsia_tomentosus",0.162292686224477,0.128178866054893,0,0,"other",0,"unsampled"
"195","Lemmiscus_curtatus",0.291213841958708,0.175834404140822,0,0,"other",0,"unsampled"
"196","Lemmus_amurensis",0.11966771456422,0.12897952903761,0,0,"other",0,"unsampled"
"197","Lemmus_trimucronatus",0.111776657355874,0.204403810519107,0,0,"other",0,"unsampled"
"198","Lenoxus_apicalis",0.148267796566766,0.112998395108994,0,0,"other",0,"unsampled"
"199","Loxodontomys_micropus",0.60186361332021,0.176819312080795,1,0,"other",4,"positive"
"200","Loxodontomys_pikumche",0.324184161471712,0.100013039239947,0,0,"other",0,"unsampled"
"201","Lundomys_molitor",0.186425271101411,0.104963476002496,0,0,"other",0,"unsampled"
"202","Megadontomys_cryophilus",0.162373077391839,0.103210597502711,0,0,"other",0,"unsampled"
"203","Megadontomys_nelsoni",0.182993717862256,0.112635184088463,0,0,"other",0,"unsampled"
"204","Megadontomys_thomasi",0.185323576527417,0.108707481638561,0,0,"true negative",2,"negative"
"205","Megalomys_desmarestii",0.287196198427892,0.0900524436968153,0,0,"other",0,"unsampled"
"206","Megalomys_luciae",0.287196198427892,0.0900524436968153,0,0,"other",0,"unsampled"
"207","Megaoryzomys_curioi",0.278347639110052,0.0877031305683718,0,0,"other",0,"unsampled"
"208","Melanomys_caliginosus",0.404598701213561,0.18793150473368,0,0,"other",0,"unsampled"
"209","Melanomys_robustulus",0.195444464924503,0.115945169028611,0,0,"other",0,"unsampled"
"210","Melanomys_zunigae",0.153637521888889,0.126098068321381,0,0,"other",0,"unsampled"
"211","Microakodontomys_transitorius",0.328038522065883,0.0975693525762069,0,0,"other",0,"unsampled"
"212","Microryzomys_altissimus",0.285311179134712,0.127886776599521,0,0,"other",0,"unsampled"
"213","Microryzomys_minutus",0.56429861572375,0.240637869764692,0,0,"other",0,"unsampled"
"214","Microtus_abbreviatus",0.121515578588622,0.097686449176661,0,0,"other",0,"unsampled"
"215","Microtus_breweri",0.220440856325145,0.115259631565868,0,0,"other",0,"unsampled"
"216","Microtus_californicus",0.384074023880026,0.0903488361090285,1,0,"other",1,"positive"
"217","Microtus_canicaudus",0.254311533773412,0.121933436212369,0,0,"other",0,"unsampled"
"218","Microtus_chrotorrhinus",0.196277229853084,0.154132237829555,0,0,"other",0,"unsampled"
"219","Microtus_guatemalensis",0.206783993321781,0.115792532594827,0,0,"other",0,"unsampled"
"220","Microtus_longicaudus",0.221689674871986,0.182378038005727,0,0,"true negative",1,"negative"
"221","Microtus_mexicanus",0.286453621060693,0.0876688900371731,0,0,"true negative",3,"negative"
"222","Microtus_miurus",0.140546138727271,0.125071363170273,0,0,"other",0,"unsampled"
"223","Microtus_montanus",0.39226817109398,0.152192314253466,1,0,"other",2,"positive"
"224","Microtus_oaxacensis",0.148970431668566,0.10886991302688,0,0,"other",0,"unsampled"
"225","Microtus_ochrogaster",0.213117229446353,0.119815915499729,0,0,"true negative",1,"negative"
"226","Microtus_oeconomus",0.206509584395752,0.222857283276176,0,0,"other",0,"unsampled"
"227","Microtus_oregoni",0.184986790637882,0.0971064228098735,0,0,"other",0,"unsampled"
"228","Microtus_pennsylvanicus",0.253640267136767,0.366363711125077,0,1,"other",6,"positive"
"229","Microtus_pinetorum",0.410019538041719,0.196736523303339,0,0,"other",0,"unsampled"
"230","Microtus_quasiater",0.181843960006434,0.106589043763122,0,0,"other",0,"unsampled"
"231","Microtus_richardsoni",0.26792440137836,0.139404129912615,0,0,"other",0,"unsampled"
"232","Microtus_townsendii",0.360607539387509,0.191019875287058,0,0,"other",0,"unsampled"
"233","Microtus_transcaspicus",0.154581001866179,0.086359346353716,0,0,"other",0,"unsampled"
"234","Microtus_umbrosus",0.146531414441915,0.108339819642637,0,0,"other",0,"unsampled"
"235","Microtus_xanthognathus",0.120103806893541,0.178230404416439,0,0,"other",0,"unsampled"
"236","Mindomys_hammondi",0.201178955637007,0.107686427327039,0,0,"other",0,"unsampled"
"237","Mus_musculus",0.783038836729057,0.303437975876102,1,0,"other",19,"positive"
"238","Myodes_californicus",0.149486785707945,0.0920536071006225,0,0,"other",0,"unsampled"
"239","Myodes_gapperi",0.212176655047506,0.327570923246304,0,0,"other",0,"unsampled"
"240","Myodes_rutilus",0.171451256843044,0.25590745791965,0,0,"other",0,"unsampled"
"241","Neacomys_dubosti",0.347516527357124,0.0930186217551156,0,0,"other",0,"unsampled"
"242","Neacomys_guianae",0.290344818699824,0.150451127711246,0,0,"other",0,"unsampled"
"243","Neacomys_minutus",0.357236704892068,0.0930055764724683,0,0,"other",0,"unsampled"
"244","Neacomys_musseri",0.408226866527675,0.0968045756953212,0,0,"other",0,"unsampled"
"245","Neacomys_paracou",0.372688720883619,0.0918672456150696,0,0,"true negative",1,"negative"
"246","Neacomys_pictus",0.165111172509835,0.130369324864425,0,0,"other",0,"unsampled"
"247","Neacomys_spinosus",0.635679451760248,0.295818219824465,0,0,"other",0,"unsampled"
"248","Neacomys_tenuipes",0.692552291650578,0.150973432079272,0,0,"other",0,"unsampled"
"249","Necromys_amoenus",0.164801948320337,0.124012058149663,0,0,"other",0,"unsampled"
"250","Necromys_benefactus",0.326137302786262,0.0999956957130271,0,0,"other",0,"unsampled"
"251","Necromys_lactens",0.162774371609473,0.111638285831555,0,0,"other",0,"unsampled"
"252","Necromys_lasiurus",0.819038512128248,0.204143914108784,1,0,"other",10,"positive"
"253","Necromys_lenguarum",0.527481094908138,0.10315435981772,0,0,"other",0,"unsampled"
"254","Necromys_obscurus",0.727155864108631,0.212834913645215,1,0,"other",4,"positive"
"255","Necromys_punctulatus",0.47687750523447,0.099214964759675,0,0,"other",0,"unsampled"
"256","Necromys_temchuki",0.172907336693668,0.126742261158266,0,0,"other",0,"unsampled"
"257","Necromys_urichi",0.471359955923283,0.296268135449729,0,0,"other",0,"unsampled"
"258","Nectomys_apicalis",0.427434769849659,0.0901331274113988,0,0,"other",0,"unsampled"
"259","Nectomys_magdalenae",0.457057301273744,0.106527265712559,0,0,"other",0,"unsampled"
"260","Nectomys_palmipes",0.28642800665148,0.142526444646116,0,0,"other",0,"unsampled"
"261","Nectomys_rattus",0.382141137329468,0.239096474160984,0,0,"true negative",1,"negative"
"262","Nectomys_squamipes",0.633511075775072,0.143430245292147,0,0,"true negative",2,"negative"
"263","Nelsonia_goldmani",0.178599970365072,0.106282857164499,0,0,"other",0,"unsampled"
"264","Nelsonia_neotomodon",0.151509857868606,0.093431124880571,0,0,"other",0,"unsampled"
"265","Neofiber_alleni",0.189337425727959,0.119149656938342,0,0,"other",0,"unsampled"
"266","Neotoma_albigula",0.339140969542424,0.125644589637063,0,0,"true negative",3,"negative"
"267","Neotoma_angustapalata",0.150538749282279,0.108868735498405,0,0,"other",0,"unsampled"
"268","Neotoma_anthonyi",0.128350595588895,0.0888306353892101,0,0,"other",0,"unsampled"
"269","Neotoma_bryanti",0.115738804854389,0.0975877922261906,0,0,"other",0,"unsampled"
"270","Neotoma_bunkeri",0.127983015636277,0.0978826203700313,0,0,"other",0,"unsampled"
"271","Neotoma_chrysomelas",0.170818285010179,0.108006562236133,0,0,"other",0,"unsampled"
"272","Neotoma_cinerea",0.130710199473236,0.117323002590818,0,0,"true negative",1,"negative"
"273","Neotoma_devia",0.123520002153237,0.100683193463714,0,0,"other",0,"unsampled"
"274","Neotoma_floridana",0.358464402440818,0.106271495384041,0,0,"other",0,"unsampled"
"275","Neotoma_fuscipes",0.249364497233318,0.0934638719957369,0,0,"true negative",2,"negative"
"276","Neotoma_goldmani",0.107293732174627,0.0894433614458204,0,0,"other",0,"unsampled"
"277","Neotoma_lepida",0.501142381881542,0.0911862958837482,1,0,"other",3,"positive"
"278","Neotoma_leucodon",0.488013590739071,0.105991001146302,0,0,"true negative",1,"negative"
"279","Neotoma_macrotis",0.291498601056465,0.105376241383892,0,0,"other",0,"unsampled"
"280","Neotoma_magister",0.26296375025561,0.105910218444453,0,0,"other",0,"unsampled"
"281","Neotoma_martinensis",0.127345342213154,0.0895224235502387,0,0,"other",0,"unsampled"
"282","Neotoma_mexicana",0.738451278354845,0.178726740269202,1,0,"other",7,"positive"
"283","Neotoma_micropus",0.364595474829594,0.109719844886637,0,0,"true negative",2,"negative"
"284","Neotoma_nelsoni",0.150979671381218,0.11273734951536,0,0,"other",0,"unsampled"
"285","Neotoma_palatina",0.110253838068079,0.105063989124142,0,0,"other",0,"unsampled"
"286","Neotoma_phenax",0.152216288772177,0.0966756768359116,0,0,"other",0,"unsampled"
"287","Neotoma_stephensi",0.111035279076028,0.092559008244484,0,0,"true negative",2,"negative"
"288","Neotomodon_alstoni",0.238332439404268,0.095720808930598,0,0,"true negative",1,"negative"
"289","Neotomys_ebriosus",0.225600584516854,0.102717830984355,0,0,"other",0,"unsampled"
"290","Nephelomys_albigularis",0.230542731576009,0.118027537814272,0,0,"true negative",1,"negative"
"291","Nephelomys_auriventer",0.152013239015887,0.109743842601181,0,0,"other",0,"unsampled"
"292","Nephelomys_caracolus",0.287334165496932,0.0903097667319722,0,0,"other",0,"unsampled"
"293","Nephelomys_devius",0.214091321622788,0.111275018847182,0,0,"other",0,"unsampled"
"294","Nephelomys_keaysi",0.155349969679037,0.115362990160919,0,0,"other",0,"unsampled"
"295","Nephelomys_levipes",0.17724572904126,0.114811240162843,0,0,"other",0,"unsampled"
"296","Nephelomys_meridensis",0.287331353893856,0.0903577412445532,0,0,"other",0,"unsampled"
"297","Nesoryzomys_darwini",0.326599707415066,0.0959725477312594,0,0,"other",0,"unsampled"
"298","Nesoryzomys_fernandinae",0.146081820074161,0.108961387157151,0,0,"other",0,"unsampled"
"299","Nesoryzomys_indefessus",0.175182801883031,0.0995778723506203,0,0,"other",0,"unsampled"
"300","Nesoryzomys_narboroughi",0.157548700045475,0.0929555521938031,0,0,"other",0,"unsampled"
"301","Nesoryzomys_swarthi",0.138571236134581,0.107765085361602,0,0,"other",0,"unsampled"
"302","Neusticomys_ferreirai",0.180199003493623,0.139324979851362,0,0,"other",0,"unsampled"
"303","Neusticomys_monticolus",0.223050072289203,0.118954587862147,0,0,"other",0,"unsampled"
"304","Neusticomys_mussoi",0.19637711078615,0.123015690822955,0,0,"other",0,"unsampled"
"305","Neusticomys_oyapocki",0.180312040218122,0.139324979851362,0,0,"other",0,"unsampled"
"306","Neusticomys_peruviensis",0.159920336722875,0.142494927417259,0,0,"other",0,"unsampled"
"307","Neusticomys_venezuelae",0.168693951043044,0.136770841888048,0,0,"other",0,"unsampled"
"308","Noronhomys_vespuccii",0.27447721310884,0.0841406123389515,0,0,"other",0,"unsampled"
"309","Notiomys_edwardsii",0.157709558801665,0.114345904523669,0,0,"other",0,"unsampled"
"310","Nyctomys_sumichrasti",0.50895445906281,0.175712891058523,0,0,"true negative",1,"negative"
"311","Ochrotomys_nuttalli",0.262150015006292,0.181189219761007,0,0,"other",0,"unsampled"
"312","Oecomys_auyantepui",0.399703562790397,0.0978593717721839,0,0,"true negative",1,"negative"
"313","Oecomys_bicolor",0.642012336298132,0.385739705979407,0,0,"true negative",3,"negative"
"314","Oecomys_catherinae",0.459981701564941,0.0989840679069988,0,0,"other",0,"unsampled"
"315","Oecomys_cleberi",0.13233754602379,0.11551563874717,0,0,"other",0,"unsampled"
"316","Oecomys_concolor",0.505841406203045,0.348220049548396,0,0,"other",0,"unsampled"
"317","Oecomys_flavicans",0.211967669716689,0.129254193801001,0,0,"other",0,"unsampled"
"318","Oecomys_mamorae",0.32951561776879,0.147279444069762,0,0,"other",0,"unsampled"
"319","Oecomys_paricola",0.35415476023263,0.0988585352366654,0,0,"other",0,"unsampled"
"320","Oecomys_phaeotis",0.161077550146781,0.130434442815478,0,0,"other",0,"unsampled"
"321","Oecomys_rex",0.189684727805987,0.123149213294994,0,0,"true negative",1,"negative"
"322","Oecomys_roberti",0.465771495865989,0.207087095942777,0,0,"true negative",1,"negative"
"323","Oecomys_rutilus",0.179487183603336,0.121352978052233,0,0,"true negative",1,"negative"
"324","Oecomys_speciosus",0.2133079812249,0.132074707994992,0,0,"other",0,"unsampled"
"325","Oecomys_superans",0.203326661799198,0.146264679510752,0,0,"other",0,"unsampled"
"326","Oecomys_sydandersoni",0.507368188084522,0.355362856612727,0,0,"other",0,"unsampled"
"327","Oecomys_trinitatis",0.626365740992333,0.174701984774736,0,0,"other",0,"unsampled"
"328","Oligoryzomys_andinus",0.398342047695271,0.173298327020547,0,0,"other",0,"unsampled"
"329","Oligoryzomys_arenalis",0.375696451712137,0.155046394112753,0,0,"other",0,"unsampled"
"330","Oligoryzomys_brendae",0.575856334030634,0.150398859756184,0,0,"other",0,"unsampled"
"331","Oligoryzomys_chacoensis",0.737246751903413,0.20050727846483,1,0,"other",4,"positive"
"332","Oligoryzomys_delticola",0.484941491238822,0.169405367558868,0,0,"true negative",1,"negative"
"333","Oligoryzomys_destructor",0.597477481888872,0.307077033465289,0,0,"other",0,"unsampled"
"334","Oligoryzomys_eliurus",0.735272689460148,0.227573653603573,0,0,"other",0,"unsampled"
"335","Oligoryzomys_flavescens",0.877849727717037,0.364700182522858,1,0,"other",9,"positive"
"336","Oligoryzomys_fornesi",0.680261677559452,0.147453633881868,1,0,"other",2,"positive"
"337","Oligoryzomys_fulvescens",0.921728749952684,0.499037181866323,1,1,"other",4,"positive"
"338","Oligoryzomys_griseolus",0.374984522447619,0.165784511969656,0,0,"other",0,"unsampled"
"339","Oligoryzomys_longicaudatus",0.717532194297579,0.486780250308582,1,1,"other",8,"positive"
"340","Oligoryzomys_magellanicus",0.291391147690865,0.202477542742835,0,0,"other",0,"unsampled"
"341","Oligoryzomys_microtis",0.779170569384497,0.478267724315991,1,1,"other",6,"positive"
"342","Oligoryzomys_moojeni",0.638938816516917,0.139957422472699,0,0,"other",0,"unsampled"
"343","Oligoryzomys_nigripes",0.825798483208999,0.179298060462886,1,0,"other",13,"positive"
"344","Oligoryzomys_rupestris",0.579885067566953,0.145243598537052,0,0,"other",0,"unsampled"
"345","Oligoryzomys_stramineus",0.652499589773152,0.148201384487347,1,0,"other",1,"positive"
"346","Oligoryzomys_vegetus",0.366589622883531,0.177575677060287,0,0,"other",0,"unsampled"
"347","Oligoryzomys_victus",0.524132569448369,0.13287719383103,0,0,"other",0,"unsampled"
"348","Ondatra_zibethicus",0.265735478636785,0.300063428505101,0,0,"other",0,"unsampled"
"349","Onychomys_arenicola",0.261555464691966,0.0877020044662096,0,0,"other",0,"unsampled"
"350","Onychomys_leucogaster",0.209503444826636,0.122859634057266,0,0,"true negative",2,"negative"
"351","Onychomys_torridus",0.437256338351884,0.0885341838979321,0,0,"other",0,"unsampled"
"352","Oreoryzomys_balneator",0.192531147591309,0.104940383498797,0,0,"other",0,"unsampled"
"353","Oryzomys_antillarum",0.528805952520058,0.342521438214871,0,0,"other",0,"unsampled"
"354","Oryzomys_couesi",0.735325801543993,0.409537536820829,1,1,"other",3,"positive"
"355","Oryzomys_curasoae",0.278773164565995,0.111974164919101,0,0,"other",0,"unsampled"
"356","Oryzomys_dimidiatus",0.140177086543597,0.171613964454431,0,0,"other",0,"unsampled"
"357","Oryzomys_gorgasi",0.157747554034378,0.181268781895501,0,0,"other",0,"unsampled"
"358","Oryzomys_nelsoni",0.306038907694584,0.126361781424487,0,0,"other",0,"unsampled"
"359","Oryzomys_palustris",0.529034575046812,0.342652803306134,1,1,"other",4,"positive"
"360","Osgoodomys_banderanus",0.206096009064603,0.103785571486404,0,0,"true negative",3,"negative"
"361","Otonyctomys_hatti",0.146309639792563,0.146111244552998,0,0,"other",0,"unsampled"
"362","Ototylomys_phyllotis",0.28520343390221,0.143655537674314,0,0,"other",0,"unsampled"
"363","Oxymycterus_akodontius",0.185453146078281,0.116354096402017,0,0,"other",0,"unsampled"
"364","Oxymycterus_amazonicus",0.532744576037437,0.10650849928354,0,0,"other",0,"unsampled"
"365","Oxymycterus_angularis",0.477485991798416,0.132943680415313,0,0,"other",0,"unsampled"
"366","Oxymycterus_caparoae",0.544322837016197,0.106638392987277,0,0,"other",0,"unsampled"
"367","Oxymycterus_dasytrichus",0.423701472352983,0.0982933654782385,0,0,"other",0,"unsampled"
"368","Oxymycterus_delator",0.252446863094586,0.127667366427504,0,0,"true negative",2,"negative"
"369","Oxymycterus_hiska",0.200010584339602,0.131973507894977,0,0,"other",0,"unsampled"
"370","Oxymycterus_hispidus",0.819923362979269,0.134720608118331,1,0,"other",2,"positive"
"371","Oxymycterus_hucucha",0.187413315191844,0.125675641330301,0,0,"other",0,"unsampled"
"372","Oxymycterus_inca",0.287646263518794,0.139283497780349,0,0,"other",0,"unsampled"
"373","Oxymycterus_josei",0.499646935885082,0.10741960564054,0,0,"other",0,"unsampled"
"374","Oxymycterus_nasutus",0.661451179850711,0.128162564311209,1,0,"other",1,"positive"
"375","Oxymycterus_paramensis",0.312017434206452,0.125224423759209,0,0,"other",0,"unsampled"
"376","Oxymycterus_quaestor",0.521741926098606,0.106454688435226,0,0,"other",0,"unsampled"
"377","Oxymycterus_roberti",0.683250740033034,0.138966263631408,0,0,"other",0,"unsampled"
"378","Oxymycterus_rufus",0.60123177394297,0.107723233956844,1,0,"other",3,"positive"
"379","Oxymycterus_wayku",0.301241360830155,0.124284082886272,0,0,"other",0,"unsampled"
"380","Paralomys_gerbillus",0.152797530835574,0.107667694709991,0,0,"other",0,"unsampled"
"381","Pearsonomys_annectens",0.32522824585975,0.100142924209063,0,0,"true negative",1,"negative"
"382","Pennatomys_nivalis",0.274350290092095,0.0842108203158294,0,0,"other",0,"unsampled"
"383","Peromyscus_attwateri",0.658405703790851,0.118933019463043,1,0,"other",1,"positive"
"384","Peromyscus_aztecus",0.848025690809454,0.101834406069994,1,0,"other",1,"positive"
"385","Peromyscus_beatae",0.76761561513436,0.105095093974612,1,0,"other",2,"positive"
"386","Peromyscus_boylii",0.694027967804432,0.112061715721423,1,0,"other",6,"positive"
"387","Peromyscus_bullatus",0.263794345365601,0.111534206922652,0,0,"other",0,"unsampled"
"388","Peromyscus_californicus",0.472911508810406,0.0961242223681966,1,0,"other",3,"positive"
"389","Peromyscus_caniceps",0.178110668963885,0.094410009173702,0,0,"other",0,"unsampled"
"390","Peromyscus_carletoni",0.691941430307237,0.112061715721423,0,0,"other",0,"unsampled"
"391","Peromyscus_crinitus",0.412391498442106,0.0886108790638334,0,0,"true negative",2,"negative"
"392","Peromyscus_dickeyi",0.208598174823233,0.104985551354203,0,0,"other",0,"unsampled"
"393","Peromyscus_difficilis",0.597105896036361,0.100409066647922,0,0,"other",0,"unsampled"
"394","Peromyscus_eremicus",0.811218971882861,0.113479347080877,1,0,"other",5,"positive"
"395","Peromyscus_eva",0.241126953056961,0.105131025836372,0,0,"other",0,"unsampled"
"396","Peromyscus_fraterculus",0.53334251075413,0.100681792252593,0,0,"other",0,"unsampled"
"397","Peromyscus_furvus",0.301086471350662,0.105663633235206,0,0,"other",0,"unsampled"
"398","Peromyscus_gossypinus",0.385891597549991,0.148597295359835,0,0,"true negative",1,"negative"
"399","Peromyscus_grandis",0.264991262405699,0.129741429116717,0,0,"other",0,"unsampled"
"400","Peromyscus_gratus",0.637162080837897,0.0918568627950468,0,0,"other",0,"unsampled"
"401","Peromyscus_guardia",0.199838416924896,0.0968607545528653,0,0,"other",0,"unsampled"
"402","Peromyscus_guatemalensis",0.320426909084958,0.122470200652719,0,0,"other",0,"unsampled"
"403","Peromyscus_gymnotis",0.356991098390724,0.125908079579906,0,0,"other",0,"unsampled"
"404","Peromyscus_hooperi",0.178655921584427,0.0878775691181108,0,0,"other",0,"unsampled"
"405","Peromyscus_hylocetes",0.69114459703425,0.106951726879159,1,0,"other",3,"positive"
"406","Peromyscus_interparietalis",0.213228120902793,0.0976566742412135,0,0,"other",0,"unsampled"
"407","Peromyscus_keeni",0.395377066185815,0.196282554670521,0,0,"other",0,"unsampled"
"408","Peromyscus_leucopus",0.883005189871719,0.397129174834165,1,1,"other",11,"positive"
"409","Peromyscus_levipes",0.794507482111669,0.107085324858833,1,0,"other",2,"positive"
"410","Peromyscus_madrensis",0.185961259175071,0.103565713606208,0,0,"other",0,"unsampled"
"411","Peromyscus_maniculatus",0.836520824362252,0.506148620761604,1,1,"other",27,"positive"
"412","Peromyscus_mayensis",0.245331150378612,0.106846210254827,0,0,"other",0,"unsampled"
"413","Peromyscus_megalops",0.459390374469978,0.106362432050751,1,0,"other",4,"positive"
"414","Peromyscus_mekisturus",0.280679955344232,0.119525358931202,0,0,"other",0,"unsampled"
"415","Peromyscus_melanocarpus",0.254478291236591,0.108927410025343,0,0,"true negative",1,"negative"
"416","Peromyscus_melanophrys",0.510833233582084,0.094224977433153,0,0,"true negative",2,"negative"
"417","Peromyscus_melanotis",0.698510747843918,0.0925652079860823,1,0,"other",1,"positive"
"418","Peromyscus_melanurus",0.28982121592816,0.112263917450337,0,0,"other",0,"unsampled"
"419","Peromyscus_merriami",0.36641993923407,0.090341326830478,0,0,"other",0,"unsampled"
"420","Peromyscus_mexicanus",0.509279750089974,0.120194394789037,0,0,"true negative",2,"negative"
"421","Peromyscus_nasutus",0.5005298363831,0.101912408506018,0,0,"true negative",2,"negative"
"422","Peromyscus_ochraventer",0.569669076319575,0.159896650256142,1,0,"other",1,"positive"
"423","Peromyscus_pectoralis",0.851592270223082,0.101031976334242,1,0,"other",1,"positive"
"424","Peromyscus_pembertoni",0.525228790172408,0.0930597205822818,0,0,"other",0,"unsampled"
"425","Peromyscus_perfulvus",0.370545837824317,0.10480563693363,0,0,"true negative",1,"negative"
"426","Peromyscus_polionotus",0.395800061328822,0.120107615950649,0,0,"other",0,"unsampled"
"427","Peromyscus_polius",0.213407932044397,0.0904828357209734,0,0,"other",0,"unsampled"
"428","Peromyscus_pseudocrinitus",0.203095489149571,0.105308249854061,0,0,"other",0,"unsampled"
"429","Peromyscus_sagax",0.54712618129863,0.10690001608853,0,0,"other",0,"unsampled"
"430","Peromyscus_schmidlyi",0.644476095915525,0.112109353290387,0,0,"other",0,"unsampled"
"431","Peromyscus_sejugis",0.192623122853675,0.0994457374297929,0,0,"other",0,"unsampled"
"432","Peromyscus_simulus",0.354789818586738,0.113626947341966,0,0,"other",0,"unsampled"
"433","Peromyscus_slevini",0.177873168471452,0.0913708176617076,0,0,"other",0,"unsampled"
"434","Peromyscus_spicilegus",0.55626131002859,0.0988444285188926,1,0,"other",1,"positive"
"435","Peromyscus_stephani",0.261351270722167,0.106420172225317,0,0,"other",0,"unsampled"
"436","Peromyscus_stirtoni",0.277135035552093,0.105988206739621,0,0,"other",0,"unsampled"
"437","Peromyscus_truei",0.769560211595692,0.109011396763881,1,0,"other",4,"positive"
"438","Peromyscus_winkelmanni",0.256508903572761,0.121334620672248,0,0,"other",0,"unsampled"
"439","Peromyscus_yucatanicus",0.237051897157738,0.118829245052065,0,0,"other",0,"unsampled"
"440","Peromyscus_zarhynchus",0.277056497985002,0.116580625307987,0,0,"other",0,"unsampled"
"441","Phaenomys_ferrugineus",0.174028158105125,0.110578963308827,0,0,"other",0,"unsampled"
"442","Phenacomys_intermedius",0.287405812829929,0.100848467695727,0,0,"other",0,"unsampled"
"443","Phenacomys_ungava",0.116634117546325,0.203363032799171,0,0,"other",0,"unsampled"
"444","Phyllotis_alisosiensis",0.247561856038026,0.14544666464522,0,0,"other",0,"unsampled"
"445","Phyllotis_amicus",0.176605050418875,0.104472794954184,0,0,"other",0,"unsampled"
"446","Phyllotis_andium",0.195881017653096,0.10040685138379,0,0,"other",0,"unsampled"
"447","Phyllotis_anitae",0.292258742306652,0.1454285206529,0,0,"other",0,"unsampled"
"448","Phyllotis_bonariensis",0.122082191933364,0.116787687235938,0,0,"other",0,"unsampled"
"449","Phyllotis_caprinus",0.125119266984097,0.109980824901278,0,0,"other",0,"unsampled"
"450","Phyllotis_darwini",0.385308513239776,0.106063301635394,0,0,"true negative",1,"negative"
"451","Phyllotis_definitus",0.152232656024895,0.141086899475965,0,0,"other",0,"unsampled"
"452","Phyllotis_haggardi",0.202157881445133,0.11518113065257,0,0,"other",0,"unsampled"
"453","Phyllotis_limatus",0.326628398197021,0.100144979928686,0,0,"other",0,"unsampled"
"454","Phyllotis_magister",0.129981966140308,0.107847455182245,0,0,"other",0,"unsampled"
"455","Phyllotis_osgoodi",0.121581039226603,0.110830783356568,0,0,"other",0,"unsampled"
"456","Phyllotis_osilae",0.223343128433321,0.124824081570163,0,0,"other",0,"unsampled"
"457","Phyllotis_wolffsohni",0.142081203918676,0.10345762703248,0,0,"other",0,"unsampled"
"458","Phyllotis_xanthopygus",0.409209412714916,0.171763447149995,0,0,"other",0,"unsampled"
"459","Podomys_floridanus",0.176779204038053,0.107400549834872,0,0,"other",0,"unsampled"
"460","Podoxymys_roraimae",0.1533791230641,0.118837823993527,0,0,"other",0,"unsampled"
"461","Pseudoryzomys_simplex",0.256749161344937,0.140144345809999,0,0,"true negative",1,"negative"
"462","Punomys_kofordi",0.323471856319686,0.093642412983678,0,0,"other",0,"unsampled"
"463","Punomys_lemminus",0.157226804503161,0.113825536656404,0,0,"other",0,"unsampled"
"464","Rattus_exulans",0.526441260012563,0.260631656635402,0,0,"other",0,"unsampled"
"465","Rattus_norvegicus",0.718871986233835,0.30761709074709,1,1,"other",15,"positive"
"466","Rattus_rattus",0.744665213400574,0.274293211206816,1,0,"other",18,"positive"
"467","Reithrodon_auritus",0.434414377646809,0.150591913805475,0,0,"other",0,"unsampled"
"468","Reithrodon_typicus",0.322362099569574,0.0928660365839723,0,0,"other",0,"unsampled"
"469","Reithrodontomys_bakeri",0.331295642582028,0.121603385466839,0,0,"other",0,"unsampled"
"470","Reithrodontomys_brevirostris",0.264179687131238,0.135624456271822,0,0,"other",0,"unsampled"
"471","Reithrodontomys_burti",0.243125100598937,0.107322772916438,0,0,"other",0,"unsampled"
"472","Reithrodontomys_chrysopsis",0.260250230680684,0.100086503981522,0,0,"other",0,"unsampled"
"473","Reithrodontomys_creper",0.210462956647159,0.10963839197251,0,0,"other",0,"unsampled"
"474","Reithrodontomys_darienensis",0.26726822412094,0.136289862947388,0,0,"other",0,"unsampled"
"475","Reithrodontomys_fulvescens",0.781803970272999,0.197636791296285,1,0,"other",4,"positive"
"476","Reithrodontomys_gracilis",0.280602210205944,0.134123087322814,0,0,"true negative",1,"negative"
"477","Reithrodontomys_hirsutus",0.232477164847028,0.0964169007460267,0,0,"other",0,"unsampled"
"478","Reithrodontomys_humulis",0.243935871666877,0.160043947246916,0,0,"other",0,"unsampled"
"479","Reithrodontomys_megalotis",0.767298340284594,0.290589203454512,1,0,"other",12,"positive"
"480","Reithrodontomys_mexicanus",0.705003481648178,0.241808187003143,1,0,"other",2,"positive"
"481","Reithrodontomys_microdon",0.316639794867401,0.113404077826611,0,0,"true negative",1,"negative"
"482","Reithrodontomys_montanus",0.208012253141287,0.114343056310911,0,0,"true negative",1,"negative"
"483","Reithrodontomys_musseri",0.237220264947342,0.125401004621254,0,0,"other",0,"unsampled"
"484","Reithrodontomys_paradoxus",0.268613743717962,0.131013324447423,0,0,"other",0,"unsampled"
"485","Reithrodontomys_raviventris",0.20678316628388,0.0930687442458801,0,0,"other",0,"unsampled"
"486","Reithrodontomys_rodriguezi",0.245694417406631,0.130091088104668,0,0,"other",0,"unsampled"
"487","Reithrodontomys_spectabilis",0.198332298470068,0.127651116307762,0,0,"other",0,"unsampled"
"488","Reithrodontomys_sumichrasti",0.629167847391848,0.139093556481163,1,0,"other",4,"positive"
"489","Reithrodontomys_tenuirostris",0.257840199382374,0.122823755982145,0,0,"other",0,"unsampled"
"490","Reithrodontomys_zacatecae",0.257008399578186,0.0982162353100436,0,0,"other",0,"unsampled"
"491","Rhagomys_longilingua",0.363171067602361,0.0929725972951837,0,0,"other",0,"unsampled"
"492","Rhagomys_rufescens",0.210658294088781,0.111671568661962,0,0,"other",0,"unsampled"
"493","Rheomys_mexicanus",0.226677779863473,0.123901559531867,0,0,"other",0,"unsampled"
"494","Rheomys_raptor",0.215087141284686,0.128417995520442,0,0,"other",0,"unsampled"
"495","Rheomys_thomasi",0.218122422427189,0.113134831455977,0,0,"other",0,"unsampled"
"496","Rheomys_underwoodi",0.24991796062074,0.13805706181889,0,0,"other",0,"unsampled"
"497","Rhipidomys_albujai",0.287848390300827,0.130828099978468,0,0,"other",0,"unsampled"
"498","Rhipidomys_austrinus",0.173621078043541,0.118757044925888,0,0,"other",0,"unsampled"
"499","Rhipidomys_cariri",0.439751672429177,0.100448757677051,0,0,"other",0,"unsampled"
"500","Rhipidomys_caucensis",0.390525507759394,0.0988797353895652,0,0,"other",0,"unsampled"
"501","Rhipidomys_couesi",0.450946064197523,0.0985245700500315,0,0,"other",0,"unsampled"
"502","Rhipidomys_emiliae",0.463494089140193,0.106561944527402,0,0,"other",0,"unsampled"
"503","Rhipidomys_fulviventer",0.236477139680499,0.128102564325377,0,0,"other",0,"unsampled"
"504","Rhipidomys_gardneri",0.435707728204119,0.104887314916363,0,0,"other",0,"unsampled"
"505","Rhipidomys_ipukensis",0.425374544696139,0.106661667505963,0,0,"other",0,"unsampled"
"506","Rhipidomys_itoan",0.524077805001767,0.109824594168715,0,0,"other",0,"unsampled"
"507","Rhipidomys_latimanus",0.27811035494336,0.12484391687715,0,0,"other",0,"unsampled"
"508","Rhipidomys_leucodactylus",0.4275531206012,0.248690160326671,0,0,"other",0,"unsampled"
"509","Rhipidomys_macconnelli",0.178707728145397,0.13043316156633,0,0,"other",0,"unsampled"
"510","Rhipidomys_macrurus",0.515090673542222,0.105087667917527,0,0,"other",0,"unsampled"
"511","Rhipidomys_mastacalis",0.440999791623477,0.101515970570767,0,0,"other",0,"unsampled"
"512","Rhipidomys_modicus",0.366456595063621,0.0929650337290823,0,0,"other",0,"unsampled"
"513","Rhipidomys_nitela",0.474687613622583,0.175490049603611,0,0,"true negative",1,"negative"
"514","Rhipidomys_ochrogaster",0.581282402917243,0.155286962565989,0,0,"other",0,"unsampled"
"515","Rhipidomys_tribei",0.444943866873389,0.10339222801712,0,0,"other",0,"unsampled"
"516","Rhipidomys_venezuelae",0.260592167820411,0.13643525485717,0,0,"other",0,"unsampled"
"517","Rhipidomys_venustus",0.213388954574477,0.119085138890667,0,0,"other",0,"unsampled"
"518","Rhipidomys_wetzeli",0.16246091017489,0.12565013120085,0,0,"other",0,"unsampled"
"519","Salinomys_delicatus",0.312072080839143,0.0929894934435764,0,0,"other",0,"unsampled"
"520","Scapteromys_aquaticus",0.134059399328185,0.125639492849498,0,0,"true negative",2,"negative"
"521","Scapteromys_meridionalis",0.332490433587842,0.118129765148172,0,0,"other",0,"unsampled"
"522","Scapteromys_tumidus",0.314782342954112,0.109478438712345,0,0,"true negative",2,"negative"
"523","Scolomys_melanops",0.214318126757524,0.108792105981833,0,0,"other",0,"unsampled"
"524","Scolomys_ucayalensis",0.142780699067745,0.123660081904455,0,0,"other",0,"unsampled"
"525","Scotinomys_teguina",0.235844755522255,0.119069582973382,0,0,"other",0,"unsampled"
"526","Scotinomys_xerampelinus",0.200341025010803,0.117887460419658,0,0,"other",0,"unsampled"
"527","Sigmodon_alleni",0.269052082982731,0.13220831316057,0,0,"other",0,"unsampled"
"528","Sigmodon_alstoni",0.671168933965523,0.499452196376307,1,1,"other",3,"positive"
"529","Sigmodon_arizonae",0.244607440518071,0.112229251262591,0,0,"other",0,"unsampled"
"530","Sigmodon_fulviventer",0.409872504197109,0.184469939592019,0,0,"other",0,"unsampled"
"531","Sigmodon_hirsutus",0.612154554190959,0.155480961164196,0,0,"true negative",1,"negative"
"532","Sigmodon_hispidus",0.724464118047866,0.276575646789862,1,1,"other",7,"positive"
"533","Sigmodon_inopinatus",0.216721977808401,0.149135882438527,0,0,"other",0,"unsampled"
"534","Sigmodon_leucotis",0.344573374059012,0.121845430486055,0,0,"other",0,"unsampled"
"535","Sigmodon_mascotensis",0.332474578104203,0.134665388955706,1,0,"other",2,"positive"
"536","Sigmodon_ochrognathus",0.200198824399796,0.108611220457243,0,0,"true negative",1,"negative"
"537","Sigmodon_peruanus",0.233125795091274,0.118659493831144,0,0,"other",0,"unsampled"
"538","Sigmodon_planifrons",0.39735951982546,0.121493013130046,0,0,"other",0,"unsampled"
"539","Sigmodon_toltecus",0.464926607493871,0.118973327184137,0,0,"other",0,"unsampled"
"540","Sigmodon_zanjonensis",0.344281932911252,0.103023705603557,0,0,"other",0,"unsampled"
"541","Sigmodontomys_alfari",0.303861528564726,0.141070918858639,0,0,"other",0,"unsampled"
"542","Sigmodontomys_aphrastus",0.203826097398786,0.114447248728227,0,0,"other",0,"unsampled"
"543","Sooretamys_angouya",0.234902734345302,0.1055965121971,0,0,"true negative",2,"negative"
"544","Synaptomys_borealis",0.125734885060853,0.183882353366783,0,0,"other",0,"unsampled"
"545","Synaptomys_cooperi",0.171710997890396,0.145554037626895,0,0,"other",0,"unsampled"
"546","Tapecomys_primus",0.321334402696713,0.0937864709687024,0,0,"other",0,"unsampled"
"547","Thalpomys_cerradensis",0.20279175129653,0.12608855805483,0,0,"other",0,"unsampled"
"548","Thalpomys_lasiotis",0.174927120173357,0.11922097918181,0,0,"other",0,"unsampled"
"549","Thaptomys_nigrita",0.616840507026986,0.114548738381763,1,0,"other",2,"positive"
"550","Thomasomys_andersoni",0.146839524647184,0.131481139223006,0,0,"other",0,"unsampled"
"551","Thomasomys_apeco",0.342931168759322,0.101782655472175,0,0,"other",0,"unsampled"
"552","Thomasomys_aureus",0.382596212992875,0.188124505840049,0,0,"other",0,"unsampled"
"553","Thomasomys_baeops",0.223455127880433,0.113521996751562,0,0,"other",0,"unsampled"
"554","Thomasomys_bombycinus",0.196638660902791,0.121720063700623,0,0,"other",0,"unsampled"
"555","Thomasomys_caudivarius",0.35183160708541,0.0942161312005266,0,0,"other",0,"unsampled"
"556","Thomasomys_cinereiventer",0.470771901832424,0.106711735226233,0,0,"other",0,"unsampled"
"557","Thomasomys_cinereus",0.383110384131709,0.108219225728033,0,0,"other",0,"unsampled"
"558","Thomasomys_cinnameus",0.371712112896329,0.100380180747165,0,0,"other",0,"unsampled"
"559","Thomasomys_daphne",0.167612315495533,0.124295198551632,0,0,"other",0,"unsampled"
"560","Thomasomys_eleusis",0.354822335430077,0.101216828904923,0,0,"other",0,"unsampled"
"561","Thomasomys_erro",0.361518326959719,0.100644980195439,0,0,"other",0,"unsampled"
"562","Thomasomys_gracilis",0.356451000789853,0.0933309004952861,0,0,"other",0,"unsampled"
"563","Thomasomys_hudsoni",0.345077060684958,0.105560852622584,0,0,"other",0,"unsampled"
"564","Thomasomys_hylophilus",0.231075054591769,0.132616058977745,0,0,"other",0,"unsampled"
"565","Thomasomys_incanus",0.163391561807977,0.12857896230146,0,0,"other",0,"unsampled"
"566","Thomasomys_ischyrus",0.155406148076925,0.128889370525162,0,0,"other",0,"unsampled"
"567","Thomasomys_kalinowskii",0.202440451363206,0.129562458920895,0,0,"other",0,"unsampled"
"568","Thomasomys_ladewi",0.1921147346108,0.125973372328624,0,0,"other",0,"unsampled"
"569","Thomasomys_laniger",0.230831854649624,0.131714580662253,0,0,"other",0,"unsampled"
"570","Thomasomys_macrotis",0.33731293593816,0.0997534613999547,0,0,"other",0,"unsampled"
"571","Thomasomys_monochromos",0.363219893365045,0.103284917678291,0,0,"other",0,"unsampled"
"572","Thomasomys_niveipes",0.196209631879078,0.125640196223193,0,0,"other",0,"unsampled"
"573","Thomasomys_notatus",0.180972851258523,0.131381645572601,0,0,"other",0,"unsampled"
"574","Thomasomys_onkiro",0.419548026021811,0.106989235522211,0,0,"other",0,"unsampled"
"575","Thomasomys_oreas",0.145685069912358,0.135396246323618,0,0,"other",0,"unsampled"
"576","Thomasomys_paramorum",0.189030031326155,0.116110086451531,0,0,"other",0,"unsampled"
"577","Thomasomys_popayanus",0.396724529855122,0.106043613356647,0,0,"other",0,"unsampled"
"578","Thomasomys_praetor",0.362454462208803,0.102856538976223,0,0,"other",0,"unsampled"
"579","Thomasomys_pyrrhonotus",0.180685939378416,0.107402557927467,0,0,"other",0,"unsampled"
"580","Thomasomys_rhoadsi",0.192282639998694,0.12505295130363,0,0,"other",0,"unsampled"
"581","Thomasomys_rosalinda",0.135586462316201,0.129495808089586,0,0,"other",0,"unsampled"
"582","Thomasomys_silvestris",0.202315348601893,0.124692143740034,0,0,"other",0,"unsampled"
"583","Thomasomys_taczanowskii",0.146057108477547,0.0924364783212761,0,0,"other",0,"unsampled"
"584","Thomasomys_ucucha",0.453025457325974,0.107186328328338,0,0,"other",0,"unsampled"
"585","Thomasomys_vestitus",0.145068062677327,0.133984754253991,0,0,"other",0,"unsampled"
"586","Thomasomys_vulcani",0.450521315186463,0.107415728380843,0,0,"other",0,"unsampled"
"587","Transandinomys_bolivaris",0.238691663496281,0.118007629999811,0,0,"other",0,"unsampled"
"588","Transandinomys_talamancae",0.259747682847232,0.116553047672262,0,0,"other",0,"unsampled"
"589","Tylomys_bullaris",0.141718346622724,0.100124541558343,0,0,"other",0,"unsampled"
"590","Tylomys_fulviventer",0.133724652329518,0.118894561486523,0,0,"other",0,"unsampled"
"591","Tylomys_mirae",0.204547559897914,0.117443086763653,0,0,"other",0,"unsampled"
"592","Tylomys_nudicaudus",0.239611425724913,0.102595285683547,0,0,"true negative",1,"negative"
"593","Tylomys_panamensis",0.143133018895673,0.123455894504859,0,0,"other",0,"unsampled"
"594","Tylomys_tumbalensis",0.131391276506367,0.111328583243115,0,0,"other",0,"unsampled"
"595","Tylomys_watsoni",0.190585197779178,0.118339929415543,0,0,"other",0,"unsampled"
"596","Wiedomys_cerradensis",0.292692834402026,0.107985571574829,0,0,"other",0,"unsampled"
"597","Wiedomys_pyrrhorhinos",0.292692834402026,0.107985571574829,0,0,"other",0,"unsampled"
"598","Wilfredomys_oenax",0.243057934622027,0.10588026243676,0,0,"other",0,"unsampled"
"599","Xenomys_nelsoni",0.160425011233322,0.114330847875746,0,0,"other",0,"unsampled"
"600","Zygodontomys_brevicauda",0.776907815914245,0.230805039852708,1,0,"other",7,"positive"
"601","Zygodontomys_brunneus",0.207313682674909,0.115704907780405,0,0,"other",0,"unsampled"
